,content,time,author
0,that's worse than mine and I'm already dying,2020-10-31 21:03:16.078,Overloaded
1,oh fuck,2020-10-31 21:03:04.340,Overloaded
2,Gawddamn,2020-10-31 20:56:57.651,Devourer of the Void
3,i'm actually going to die,2020-10-31 20:33:08.364,[object Object]
4,whore >:(,2020-10-31 20:24:59.522,KahsinKai
5,just an observation,2020-10-31 20:19:16.083,TelekineticSloth
6,which isn‚Äôt a bad thing,2020-10-31 20:19:08.561,TelekineticSloth
7,kais hair looks like a sea anemone to me always,2020-10-31 20:19:03.393,TelekineticSloth
8,kekw,2020-10-31 20:12:10.478,[gavin screaming]
9,thanks you too,2020-10-31 20:12:01.810,[object Object]
10,Object I hate you,2020-10-31 20:11:50.420,JuniperSol
11,Cause you suck,2020-10-31 20:11:41.432,JuniperSol
12,LOL,2020-10-31 20:11:31.980,[gavin screaming]
13,i always join when you guys are finishing,2020-10-31 20:11:31.430,[gavin screaming]
14,No ü•∫,2020-10-31 20:11:25.529,JuniperSol
15,its always just you and keeler,2020-10-31 20:11:16.690,[gavin screaming]
16,lol,2020-10-31 20:11:12.322,[gavin screaming]
17,do they even play valorant anymore,2020-10-31 20:11:11.932,[gavin screaming]
18,The Valorant server loves me lol,2020-10-31 20:10:23.475,JuniperSol
19,BRUUUUUUUUUUH,2020-10-31 20:10:23.029,KahsinKai
20,,2020-10-31 20:10:11.675,JuniperSol
21,that's illegal,2020-10-31 20:09:53.412,[object Object]
22,speaking of which..,2020-10-31 20:09:51.636,JuniperSol
23,"its a, maybe im Bisexual thing",2020-10-31 20:09:49.840,KahsinKai
24,bro you can't be a Karen AND work in customer service,2020-10-31 20:09:45.449,[object Object]
25,"anywho, <@!519725443600089090> isn't short hair a karen thing?",2020-10-31 20:09:25.221,Overloaded
26,,2020-10-31 20:09:12.506,[object Object]
27,I never will,2020-10-31 20:08:32.377,Overloaded
28,I don't get ppl,2020-10-31 20:08:29.039,Overloaded
29,why would someone spend time making a spotify extension for vscode,2020-10-31 20:08:25.548,Overloaded
30,"Depends on how much stuff is in your closet, and how much of that stuff, proportionally, doesn't stack easily, I suppose",2020-10-31 20:07:58.989,Devourer of the Void
31,I do like to keep my closet organized but i don't think it counts as masochism,2020-10-31 20:06:52.360,[object Object]
32,like a masochist that hides their masochism,2020-10-31 20:06:30.926,Overloaded
33,"I mean, T",2020-10-31 20:06:28.418,[object Object]
34,"""bitch ass pussyy""",2020-10-31 20:05:47.778,KahsinKai
35,what?,2020-10-31 20:05:39.319,[object Object]
36,thanks M,2020-10-31 20:05:33.352,[object Object]
37,<@!150374394005422080> do u happen to be a closet masochist?,2020-10-31 20:05:18.380,Overloaded
38,Sounds like a fucking bitch ass pussy.,2020-10-31 20:05:16.680,JuniperSol
39,"Why do you *want* someone to be mad at us, mate",2020-10-31 20:05:03.081,Devourer of the Void
40,lol,2020-10-31 20:03:59.339,Devourer of the Void
41,or me,2020-10-31 20:03:22.111,[object Object]
42,<@519725443600089090> come here and get mad at void please,2020-10-31 20:03:09.438,[object Object]
43,It do,2020-10-31 20:02:34.022,Devourer of the Void
44,it do be like that sometimes,2020-10-31 20:02:30.774,Overloaded
45,"*That game died*
*Like all other games I was playing when Uni started*",2020-10-31 20:02:03.670,Devourer of the Void
46,"*......*
Hmm? Oh, yes, hey man",2020-10-31 20:01:44.907,Devourer of the Void
47,he's chill,2020-10-31 20:01:33.572,Overloaded
48,I had a religion war agaisnt him once,2020-10-31 20:01:32.153,Overloaded
49,best hooker?,2020-10-31 20:01:17.431,KahsinKai
50,I'm Object's best irl buddy,2020-10-31 20:01:01.350,Devourer of the Void
51,who in the fuck is that,2020-10-31 20:00:39.227,KahsinKai
52,ive been meaning to ask,2020-10-31 20:00:35.964,KahsinKai
53,oh yeah,2020-10-31 20:00:32.176,KahsinKai
54,"*Totally a bot here too, folks, nothing to see.*",2020-10-31 20:00:07.610,Devourer of the Void
55,damn curly,2020-10-31 19:56:25.529,KahsinKai
56,hells nah,2020-10-31 19:56:17.672,KahsinKai
57,that shit ain't straight dude,2020-10-31 19:56:11.495,[object Object]
58,damn straight,2020-10-31 19:55:59.838,KahsinKai
59,dude kai has the best hair on the server,2020-10-31 19:55:54.050,[object Object]
60,yeah cause the hair takes up all the room,2020-10-31 19:55:41.306,KahsinKai
61,I feel as if Kai doesn‚Äôt have room to talk about hair,2020-10-31 19:55:27.578,TelekineticSloth
62,damn,2020-10-31 19:52:44.210,TelekineticSloth
63,BRUHHH,2020-10-31 19:45:57.422,JuniperSol
64,~~have daddy issues~~ yeah mhm,2020-10-31 19:45:53.055,KahsinKai
65,Now,2020-10-31 19:45:47.798,JuniperSol
66,Have a personality,2020-10-31 19:45:45.859,JuniperSol
67,I,2020-10-31 19:45:43.001,JuniperSol
68,Like,2020-10-31 19:45:42.313,JuniperSol
69,Look,2020-10-31 19:45:41.410,JuniperSol
70,I,2020-10-31 19:45:40.406,JuniperSol
71,short hair is a fucking mood,2020-10-31 19:45:36.918,KahsinKai
72,<@!273593869914865664>,2020-10-31 19:45:35.801,JuniperSol
73,Oml,2020-10-31 19:45:28.614,JuniperSol
74,So much,2020-10-31 19:45:27.486,JuniperSol
75,I love my short hair,2020-10-31 19:45:26.103,JuniperSol
76,KAIII,2020-10-31 19:45:17.830,JuniperSol
77,Yeah,2020-10-31 19:45:12.660,JuniperSol
78,yeah,2020-10-31 19:42:59.492,KahsinKai
79,lol do u get upset every time a new person comes?,2020-10-31 19:42:10.653,Overloaded
80,Then I realized it was a bot,2020-10-31 19:41:18.876,JuniperSol
81,I was about to get upset and ask why did we add someone new to the server,2020-10-31 19:41:14.788,JuniperSol
82,ignore it,2020-10-31 19:41:10.746,Overloaded
83,Imma be testing my bot a bit here cuz loads of msgs,2020-10-31 19:41:09.853,Overloaded
84,<@!601534482973065238> has joined. http://i.imgur.com/Ju5c7zC.gif,2020-10-31 19:40:51.229,Nadeko
85,,2020-10-31 19:40:50.569,JuniperSol
86,"I kinda sucks when you have to work on halloween.... sucks for my clients! I'm blasting This Is Halloween on repeat in the corner store. They have to deal with my craziness. üòà
XD",2020-10-31 19:37:04.869,Lilligantic
87,stay home day,2020-10-31 18:18:10.719,Overloaded
88,:D,2020-10-31 18:03:31.619,Lilligantic
89,@everyone HAPPY HALLOWEEN BITCH,2020-10-31 18:02:40.041,Brokoli
90,Also,2020-10-31 18:02:18.958,Brokoli
91,Pretty,2020-10-31 18:02:12.734,Brokoli
92,Ooo,2020-10-31 18:02:04.723,Brokoli
93,,2020-10-31 17:56:29.870,KahsinKai
94,thats a 10/10 costume,2020-10-31 17:52:25.095,KahsinKai
95,Hm?,2020-10-31 17:52:20.006,Lilligantic
96,also,2020-10-31 17:52:15.620,KahsinKai
97,Thanks! :D,2020-10-31 17:52:15.006,Lilligantic
98,its sexy,2020-10-31 17:52:12.020,KahsinKai
99,dude I figured out how to get the beta for Among Us and like,2020-10-31 17:52:06.619,KahsinKai
100,you look good,2020-10-31 17:51:55.968,Arachnoslayer
101,bruh,2020-10-31 17:51:46.857,Arachnoslayer
102,like to see Ari become well... Ari-eal again-,2020-10-31 17:51:45.967,Arachnoslayer
103,"Anyone seen seven deadly sins? :D
""Sir Meliodas!"" üò≥",2020-10-31 17:51:41.461,Lilligantic
104,but sneak in while you can :),2020-10-31 17:51:18.081,Arachnoslayer
105,"so I can make Maria great again... who knows, she might get a shining moment to do something big and feel needed again",2020-10-31 17:48:35.446,Arachnoslayer
106,although I should totally stay up,2020-10-31 17:48:08.242,Arachnoslayer
107,"Yeah, you can",2020-10-31 17:48:02.483,Arachnoslayer
108,"ooh so that means
i might be able to sneak back into rp if the season is over",2020-10-31 17:47:38.107,tense tyrant
109,they did,2020-10-31 17:20:48.135,Arachnoslayer
110,did y'all do grads season already?,2020-10-31 17:18:40.429,Ariino
111,happi halloween,2020-10-31 17:17:01.366,jordano
112,happy spoop,2020-10-31 17:05:04.824,KahsinKai
113,Happy Halloweeeeen!,2020-10-31 16:23:54.753,Lilligantic
114,55 days till Christmas!,2020-10-31 12:00:01.294,Padoru
115,you just need to play among us more,2020-10-31 10:18:35.156,[object Object]
116,would it be mean if i asked what it was,2020-10-31 04:36:37.522,TelekineticSloth
117,cuteeee,2020-10-31 02:27:18.586,aimee
118,sexy,2020-10-31 00:29:53.820,tense tyrant
119,,2020-10-31 00:29:34.717,[object Object]
120,"my family made fun of my snoRts
okay so family dinner, right? we‚Äôre at this nice restaurant.
forgot what happened but i just started *laughing* so HARD. oh my *gosh-*
and then,, then i,, **snort**
then my whole family looks at me and,, *they laugh so much oml-*
apparently i did it a second time i guess i didn‚Äôt notice but 
well i was laughing to the point of literal TEARS at this point my face was SO red
throughout the entire dinner my family made jokes about that
apparently they didn‚Äôt know i snort sometimes when i laugh hUDBDH

but
BUT
get this
later on, my dad was laughing and-
*and*
*he fucking snorted*
right after he did he clasped his hands over his mouth with his eyes WIDE and his face RED
**AND ME AND MY FAMILY BURST OUT INTO LAUGHTER LMAO**
apparently he‚Äôs never snorted in his *life* and he was like ‚Äò*your snorts are contagious omg-*‚Äô

anyways that was our family dinner",2020-10-31 00:29:09.208,tense tyrant
121,hot,2020-10-30 23:22:34.945,tense tyrant
122,I feel fancy,2020-10-30 23:06:07.873,Brokoli
123,,2020-10-30 23:06:05.972,Brokoli
124,it‚Äôs almost halloween,2020-10-30 22:26:01.666,aimee
125,<:bitch2:762705590010511390>,2020-10-30 22:25:31.451,[object Object]
126,<:bitch2:762705590010511390>,2020-10-30 22:23:53.915,aimee
127,fuck thats hot,2020-10-30 19:56:29.264,KahsinKai
128,^bitch2,2020-10-30 19:55:15.896,Overloaded
129,<:bitch2:762705590010511390>,2020-10-30 19:55:04.723,Overloaded
130,but not a bitch emote,2020-10-30 19:54:58.991,Overloaded
131,why do u we have a bitch2 emote,2020-10-30 19:54:55.007,Overloaded
132,offtopic but,2020-10-30 19:54:49.819,Overloaded
133,though I feel like ppl would call the cops if they saw someone dressed like that around the streets,2020-10-30 19:53:38.549,Overloaded
134,second one be better,2020-10-30 19:53:20.099,Overloaded
135,Pretty,2020-10-30 19:40:27.716,Brokoli
136,it looks so nice,2020-10-30 17:58:51.144,jordano
137,im assuming its a bit longer cuz its curled there,2020-10-30 17:58:17.186,jordano
138,<:pogu:702352955558330421> we have almost the same hair length,2020-10-30 17:58:08.571,jordano
139,I need a haircut badly,2020-10-30 17:41:37.559,TelekineticSloth
140,I'd agree with choice 2,2020-10-30 17:29:59.097,Arachnoslayer
141,So a hybrid type,2020-10-30 17:29:51.690,Arachnoslayer
142,aWEE you‚Äôre so pretty!!,2020-10-30 17:29:24.808,tense tyrant
143,Yessir,2020-10-30 17:29:14.982,JuniperSol
144,"fuck yeah dude, pop off bitch",2020-10-30 17:29:10.383,KahsinKai
145,I did it,2020-10-30 17:29:06.041,JuniperSol
146,<@!273593869914865664>,2020-10-30 17:29:02.900,JuniperSol
147,,2020-10-30 17:29:00.361,JuniperSol
148,,2020-10-30 17:28:59.032,JuniperSol
149,ima just hit him with image 2 tho,2020-10-30 17:25:02.656,KahsinKai
150,both a tank and an assassin,2020-10-30 17:24:36.579,KahsinKai
151,Answer that first,2020-10-30 17:20:04.636,Arachnoslayer
152,What is his combat role?,2020-10-30 17:19:51.421,Arachnoslayer
153,2,2020-10-30 17:12:48.960,[object Object]
154,,2020-10-30 17:04:43.904,KahsinKai
155,or change his outfit to this,2020-10-30 17:03:52.520,KahsinKai
156,,2020-10-30 17:03:47.410,KahsinKai
157,should I keep Prismarine like this,2020-10-30 17:03:41.922,KahsinKai
158,"well don't mind me, go back to your pancakes",2020-10-30 16:21:39.652,[object Object]
159,arach does the same thing in <#360540733150593026> except without a ping,2020-10-30 16:21:09.854,[object Object]
160,>:(,2020-10-30 16:20:47.326,KahsinKai
161,that's a call for rp,2020-10-30 16:20:41.305,[object Object]
162,"im just sayin, Basil Side Rp is open for invitation rn",2020-10-30 16:20:30.299,KahsinKai
163,im not exactly calling for a rp,2020-10-30 16:20:21.012,KahsinKai
164,well to be fair,2020-10-30 16:20:17.372,KahsinKai
165,>:(,2020-10-30 16:20:13.600,[object Object]
166,yea it is,2020-10-30 16:20:04.998,KahsinKai
167,<@273593869914865664> this is <#275075861982609408>,2020-10-30 16:19:53.010,[object Object]
168,<#635692478636490812>,2020-10-30 16:17:57.911,KahsinKai
169,"which one, there's like 87",2020-10-30 16:17:25.916,KahsinKai
170,Gonna look like your tik tok girl,2020-10-30 16:17:16.485,JuniperSol
171,I like see it when it's done,2020-10-30 16:17:09.241,KahsinKai
172,Ye,2020-10-30 16:17:08.165,JuniperSol
173,oh fuck yeah dude,2020-10-30 16:17:05.177,KahsinKai
174,Chopping it off,2020-10-30 16:17:03.574,JuniperSol
175,About to get my hair cut,2020-10-30 16:16:59.942,JuniperSol
176,takes place in the present,2020-10-30 16:16:59.199,KahsinKai
177,I can‚Äôt,2020-10-30 16:16:56.848,JuniperSol
178,anyone wanna hop on before I start? <@&309148323242311680>,2020-10-30 16:16:43.761,KahsinKai
179,people are welcome to join the Basil Side Rp: Part 4,2020-10-30 16:16:29.872,KahsinKai
180,but like,2020-10-30 16:16:10.868,KahsinKai
181,ima ridin solo nerds,2020-10-30 16:16:08.675,KahsinKai
182,aight,2020-10-30 16:15:59.969,KahsinKai
183,"~~I actually won't leave, I'm glad you guys knew it's just a meme~~",2020-10-30 14:38:03.984,Arachnoslayer
184,Or stay up long enough,2020-10-30 14:29:49.850,Arachnoslayer
185,Need to get Maria to do something wow,2020-10-30 14:29:39.345,Arachnoslayer
186,Side note,2020-10-30 14:26:56.346,Arachnoslayer
187,F for our boi,2020-10-30 14:26:43.002,Arachnoslayer
188,I saw,2020-10-30 14:26:34.404,Arachnoslayer
189,You should read <#376581045253832705> starting from the very top of yesterday,2020-10-30 14:17:51.469,KahsinKai
190,Wanna do something cool,2020-10-30 14:17:32.619,KahsinKai
191,Hey,2020-10-30 14:17:28.382,KahsinKai
192,**Starts packing my shit**,2020-10-30 14:17:13.157,Arachnoslayer
193,**Equally unhappy that I didn't do shit as I am glad it finally went forward**,2020-10-30 14:16:50.483,Arachnoslayer
194,>:(,2020-10-30 14:16:16.458,Arachnoslayer
195,The season did indeed come to an end,2020-10-30 14:15:35.273,KahsinKai
196,Uh since you crashed,2020-10-30 14:15:20.927,KahsinKai
197,Oh hey Jayden,2020-10-30 14:15:14.214,KahsinKai
198,Because then I wouldn't have crashed. Smh,2020-10-30 14:14:45.422,Arachnoslayer
199,I'd have stayed awake if I drank the dew later than I did,2020-10-30 14:14:29.734,Arachnoslayer
200,Y'kno,2020-10-30 14:14:10.777,Arachnoslayer
201,Lol,2020-10-30 14:12:43.447,KahsinKai
202,56 days till Christmas!,2020-10-30 12:00:00.999,Padoru
203,I'm actually trying to work more on my world-building. :),2020-10-30 07:26:55.660,Lilligantic
204,"Not the first time I accidentally took someone far too seriously, and it most certainly ain't gonna be the last, lol",2020-10-30 07:01:08.158,Devourer of the Void
205,Aight,2020-10-30 06:58:47.935,Devourer of the Void
206,Don‚Äôt take me srsly please,2020-10-30 06:57:16.346,Overloaded
207,I just wanted to ping Kai as he went to sleep,2020-10-30 06:57:12.105,Overloaded
208,"Not inherently
It's likely that, due to the reading habits of the people in this group, you tend to favour character-based writing and plots, as that is what a lot of modern-styled fantasy has been leaning towards in recent years, compared to classically-styled fantasy, which leant more towards world-based writing and plots",2020-10-30 06:55:48.455,Devourer of the Void
209,"> you can see how in more story based groups they'd tend to favour quotes and more book-like formatting
<@!273593869914865664> hear that? he just said ur plot is shit",2020-10-30 06:49:54.227,Overloaded
210,<:blobguns:745855304469577728>,2020-10-30 06:44:34.241,Overloaded
211,yeah,2020-10-30 01:56:12.734,[object Object]
212,"Not in the sense of just ""things happening""",2020-10-30 01:50:11.232,Devourer of the Void
213,Actions in the mechanical sense,2020-10-30 01:49:57.542,Devourer of the Void
214,"Not only due to fights being king, it's even more book-y in Pathfinder games.
I think it might be because here it's also much more like an actual conversation happening, or some event happening, and less so a series of actions with some commentary, as it is with my PF games",2020-10-30 01:48:57.234,Devourer of the Void
215,"whereas here, where fights are king, it needs to be *quick*",2020-10-30 01:45:15.280,[object Object]
216,you can see how in more story based groups they'd tend to favour quotes and more book-like formatting,2020-10-30 01:45:06.269,[object Object]
217,it is,2020-10-30 01:44:40.138,[object Object]
218,"Ngl, this is interesting to watch from a perspective of how rp-typing styles have developed between wildly disparate groups",2020-10-30 01:34:03.400,Devourer of the Void
219,Foreshadowing is always fun to watch,2020-10-29 23:07:29.170,Arachnoslayer
220,Indeed,2020-10-29 22:06:05.402,Brokoli
221,as is tradition,2020-10-29 22:03:51.931,[object Object]
222,**waiting for this season to end so I can do evil things right before it's over**,2020-10-29 21:56:53.419,KahsinKai
223,I had F‚Äôs all term and my abilities of procrastination went brrrrr,2020-10-29 19:44:57.158,KahsinKai
224,"And I‚Äôm gonna pass with all A‚Äôs, except for 2 classes which is a C and a B",2020-10-29 19:44:40.387,KahsinKai
225,So I finished my homework,2020-10-29 19:44:16.647,KahsinKai
226,||now that‚Äôs what you call hot sex||,2020-10-29 19:44:15.928,tense tyrant
227,Holy shit,2020-10-29 19:44:10.749,KahsinKai
228,dont fuck hell,2020-10-29 19:44:01.156,tense tyrant
229,Fucking hell,2020-10-29 19:43:39.862,KahsinKai
230,gg,2020-10-29 19:43:29.755,tense tyrant
231,i,2020-10-29 19:43:27.026,tense tyrant
232,K bye,2020-10-29 19:42:58.546,KahsinKai
233,Holy shot,2020-10-29 19:42:56.278,KahsinKai
234,Okay let me try again,2020-10-29 19:42:53.618,KahsinKai
235,Kms,2020-10-29 19:42:31.423,KahsinKai
236,lmao,2020-10-29 19:42:22.802,[object Object]
237,Holy shit,2020-10-29 19:42:21.896,KahsinKai
238,It doesn‚Äôt matter anymore,2020-10-29 19:42:18.657,KahsinKai
239,Fuck what I was gonna gonna say,2020-10-29 19:42:13.341,KahsinKai
240,shout?,2020-10-29 19:42:08.716,[object Object]
241,Nevermind,2020-10-29 19:42:08.526,KahsinKai
242,Kill me,2020-10-29 19:42:03.755,KahsinKai
243,Shot,2020-10-29 19:42:01.886,KahsinKai
244,Shot,2020-10-29 19:42:00.997,KahsinKai
245,Shot,2020-10-29 19:41:59.922,KahsinKai
246,Fuck,2020-10-29 19:41:58.544,KahsinKai
247,Shot,2020-10-29 19:41:57.801,KahsinKai
248,Shut,2020-10-29 19:41:56.401,KahsinKai
249,Holy shot,2020-10-29 19:41:55.012,KahsinKai
250,Fuckin' stupid ass job of mine,2020-10-29 19:20:39.647,Arachnoslayer
251,By that logic I might as well be one of the rampant runners,2020-10-29 19:20:28.860,Arachnoslayer
252,The more you're outside... The more likely you're a carrier of the covid,2020-10-29 19:10:07.935,Arachnoslayer
253,>:(,2020-10-29 19:03:29.503,KahsinKai
254,Shut up,2020-10-29 19:03:27.554,KahsinKai
255,kai being quirky and social,2020-10-29 19:01:39.367,Overloaded
256,I went pretty long without it but nah,2020-10-29 17:57:34.909,KahsinKai
257,Okay I‚Äôm procrastinating,2020-10-29 17:57:14.022,KahsinKai
258,This is true,2020-10-29 17:46:09.971,KahsinKai
259,"At least you're honest, I suppose",2020-10-29 17:45:53.524,Devourer of the Void
260,"*literally busts through the door* ‚ÄúAllsup, technically I was here. If attendance asks, I showed up- Anyway, can you give me a summary of what I slept through‚Äù",2020-10-29 17:44:59.407,KahsinKai
261,The first thing I said when I came in late to 1st period was,2020-10-29 17:44:06.172,KahsinKai
262,Okay so tired Kai is making subtle appearances,2020-10-29 17:43:49.239,KahsinKai
263,My place stands strong in this constant rain,2020-10-29 16:22:45.101,Arachnoslayer
264,"my power went out as i was supposed to have a test, but she moved it",2020-10-29 16:19:55.722,jordano
265,dude we‚Äôre having terrible weather too,2020-10-29 16:19:37.655,jordano
266,it woke me up at 5 am,2020-10-29 13:11:06.822,tense tyrant
267,i almost had a fucking panic attack lmao,2020-10-29 13:11:01.943,tense tyrant
268,bro howww,2020-10-29 13:10:53.689,tense tyrant
269,I fuckin slept through the weather surprisingly,2020-10-29 12:57:42.399,Brokoli
270,Rip,2020-10-29 12:57:11.613,Brokoli
271,57 days till Christmas!,2020-10-29 12:00:01.150,Padoru
272,that and the power went out,2020-10-29 09:55:30.049,tense tyrant
273,"yeah, you're cold",2020-10-29 09:20:23.580,KahsinKai
274,i am hdbdhs,2020-10-29 09:20:04.617,tense tyrant
275,stack up on blankets yo,2020-10-29 09:19:58.356,KahsinKai
276,gotchya,2020-10-29 09:19:52.943,KahsinKai
277,shaky hands whoops,2020-10-29 09:19:49.537,tense tyrant
278,window outside?,2020-10-29 09:19:39.333,KahsinKai
279,really bad weather,2020-10-29 09:19:34.623,tense tyrant
280,and,2020-10-29 09:19:31.624,tense tyrant
281,and raining,2020-10-29 09:19:30.720,tense tyrant
282,hahaaaaaaa it‚Äôs suuuuper windy outside,2020-10-29 09:19:27.516,tense tyrant
283,date?,2020-10-29 09:19:24.007,KahsinKai
284,kind of freaking out ü§™,2020-10-29 09:19:16.963,tense tyrant
285,whats your excuse,2020-10-29 09:19:07.002,KahsinKai
286,but for a different reason,2020-10-29 09:18:59.649,tense tyrant
287,it might of been a bad idea to drink that can of monster before starting that paper,2020-10-29 09:18:58.084,KahsinKai
288,same,2020-10-29 09:18:50.923,tense tyrant
289,I cant sleep,2020-10-29 09:18:42.468,KahsinKai
290,status update,2020-10-29 09:18:39.835,KahsinKai
291,I pity the fools in your class that'll have to deal with Tired Kai.,2020-10-29 09:01:02.665,Lilligantic
292,Oh boy oh boy,2020-10-29 08:17:24.739,KahsinKai
293,Meaning my classes might get tired Kai later today,2020-10-29 08:17:22.111,KahsinKai
294,I can‚Äôt sleep,2020-10-29 08:17:10.727,KahsinKai
295,Fun fact,2020-10-29 08:17:06.792,KahsinKai
296,"so, that's cool",2020-10-29 07:43:54.038,KahsinKai
297,I wake up in 2 hours,2020-10-29 07:43:48.033,KahsinKai
298,bad news,2020-10-29 07:43:43.178,KahsinKai
299,"I finished the paper and it's likely one of the best things I've ever written, and I've written some pretty quotable speeches",2020-10-29 07:43:40.980,KahsinKai
300,so good news,2020-10-29 07:43:15.417,KahsinKai
301,"get it on a video, animate it, full send",2020-10-29 05:41:16.795,KahsinKai
302,tell me that song isn't fucking perfect for that scene,2020-10-29 05:40:26.278,[object Object]
303,"Code kneeling on the floor inside, his wife's dead body before him",2020-10-29 05:40:12.301,[object Object]
304,front door hanging open,2020-10-29 05:39:44.599,[object Object]
305,a small house on the outskirts of town,2020-10-29 05:39:29.014,[object Object]
306,"oh you're right, Xiao Long",2020-10-29 05:39:16.507,[object Object]
307,wrong year,2020-10-29 05:38:42.749,KahsinKai
308,Iron Wood,2020-10-29 05:38:37.602,[object Object]
309,a town in china blew up,2020-10-29 05:38:30.994,KahsinKai
310,it's 2017,2020-10-29 05:38:19.048,[object Object]
311,picture this,2020-10-29 05:37:58.176,[object Object]
312,yeah,2020-10-29 05:37:44.155,KahsinKai
313,"y'all know the song ""Say Something"" by A Great Big World",2020-10-29 05:37:38.894,[object Object]
314,it,2020-10-29 05:37:32.784,KahsinKai
315,so this is a bit depressing,2020-10-29 05:37:15.737,[object Object]
316,fun fact: it happened today,2020-10-29 05:17:01.918,Overloaded
317,<:thumbsup:687085282628993140>,2020-10-29 04:54:31.964,Overloaded
318,it often ends up with me not giving anything cuz I didn't finish it in time,2020-10-29 04:54:19.765,Overloaded
319,I have that too but for drawing,2020-10-29 04:54:10.472,Overloaded
320,"gonna be getting up at 7 to make sure I have time to get everything printed for my brother's birthday (which, btw, is tomorrow)",2020-10-29 04:46:55.818,[object Object]
321,"pros of having a 3d printer: you can manufacture gifts
cons of having a 3d printer: you can procrastinate more on coming up with gift ideas",2020-10-29 04:46:21.433,[object Object]
322,I guess I'll turn into a masochist in 1.17,2020-10-29 04:27:35.185,Arachnoslayer
323,here lemmi dm you the thesis,2020-10-29 04:27:33.601,KahsinKai
324,"dude T, you dont even know",2020-10-29 04:27:30.004,KahsinKai
325,that's called getting in character,2020-10-29 04:27:23.058,Overloaded
326,**when you're writing Cassie's philosophy and realize you actually kind of vibe with (believe) what you're saying**,2020-10-29 04:27:08.599,KahsinKai
327,Imagine like... Being such a traditionalist that you'll still do it on or near the surface...,2020-10-29 04:27:03.424,Arachnoslayer
328,plz,2020-10-29 04:21:41.067,KahsinKai
329,rn,2020-10-29 04:21:32.134,KahsinKai
330,just do it,2020-10-29 04:21:29.530,KahsinKai
331,just- like rn,2020-10-29 04:21:28.022,KahsinKai
332,cut it off T,2020-10-29 04:21:16.381,KahsinKai
333,cut my head off,2020-10-29 04:21:14.150,KahsinKai
334,imagine lighting up the new caves dude,2020-10-29 04:20:55.958,Overloaded
335,once 1.17 hits only masochists will make farms close to the ground,2020-10-29 04:20:33.918,Overloaded
336,speaking of redstone and farms and shit,2020-10-29 04:20:22.697,Overloaded
337,10000 IQ this guy,2020-10-29 04:19:48.255,KahsinKai
338,truuuuuue,2020-10-29 04:19:41.069,KahsinKai
339,lol,2020-10-29 04:19:36.455,KahsinKai
340,<:vv:597590298964656169>,2020-10-29 04:19:35.580,Overloaded
341,when u're both of those things,2020-10-29 04:19:28.880,Overloaded
342,mincraft redstoners > engineers,2020-10-29 04:19:13.397,KahsinKai
343,nah just bringing it up cause,2020-10-29 04:19:03.557,KahsinKai
344,anything u wanna know?,2020-10-29 04:18:53.198,Overloaded
345,idk about him but I'm average at it,2020-10-29 04:18:48.521,Overloaded
346,do you know how to do minecraft redstone?,2020-10-29 03:42:09.619,KahsinKai
347,dig I have a question,2020-10-29 03:42:03.061,KahsinKai
348,He's an engineer,2020-10-29 03:41:54.045,Arachnoslayer
349,I stg,2020-10-29 03:41:47.141,Arachnoslayer
350,thats a fucked up nose dude,2020-10-29 03:32:21.735,KahsinKai
351,lol it has a nose,2020-10-29 03:32:10.748,[object Object]
352,the cutouts are to minimize filament usage and the angles are to avoid needing supports,2020-10-29 03:31:23.845,[object Object]
353,phone mount,2020-10-29 03:31:07.380,[object Object]
354,what's that for,2020-10-29 03:30:58.975,Overloaded
355,"thats one of those, ""I told you so"" smiles",2020-10-29 03:30:56.484,KahsinKai
356,hey look it's smiling,2020-10-29 03:30:32.471,[object Object]
357,I might do cassie then,2020-10-29 03:25:28.709,KahsinKai
358,LOL,2020-10-29 03:25:02.106,KahsinKai
359,that sounds like effort and I don't support it,2020-10-29 03:24:57.186,Overloaded
360,help the little guy,2020-10-29 03:24:19.286,KahsinKai
361,Basil is the type of person who completes all the side quests before taking on the first boss,2020-10-29 03:24:13.802,KahsinKai
362,"if I were to use Basil's, this is still true to his philosophy, but it'd be about how there's multiple points to life that you have to find which will inevitably help people if you're on the right path",2020-10-29 03:23:10.355,KahsinKai
363,rly depends on how u want ur teacher to view u,2020-10-29 03:22:34.531,Overloaded
364,I mean the one I like the most is Cassie tbh but Basil is also nice,2020-10-29 03:22:16.835,Overloaded
365,"""this bitch got a god complex""",2020-10-29 03:18:48.450,KahsinKai
366,"""yo this kid is a fucking lunatic""",2020-10-29 03:18:37.605,KahsinKai
367,LOL,2020-10-29 03:18:26.460,KahsinKai
368,imagine ur teacher just reading that then looking at u through the camera in disaproval,2020-10-29 03:18:19.513,Overloaded
369,not Thaytes,2020-10-29 03:17:57.865,KahsinKai
370,should I keep going or do you think I could pick from one of these,2020-10-29 03:17:35.330,KahsinKai
371,"yeah you're not wrong, he's a crackhead but he knows what he's doing",2020-10-29 03:17:13.316,KahsinKai
372,LOL,2020-10-29 03:16:58.654,KahsinKai
373,in contrast to everything else about him,2020-10-29 03:16:54.414,Overloaded
374,funny how Basil's way of thinking is somewhat mature,2020-10-29 03:16:50.118,Overloaded
375,"Basil is convinced there's always a new chapter to open in life. If you get something done in life, you go and find the next adventure. Typically that adventure, according to Basil, will end up helping a majority of people. Every single life is important, but if killing someone will save a lot of others, he'll slap a bitch without hesitation",2020-10-29 03:16:10.405,KahsinKai
376,"I mean so is mine, unless we're talking about a world where that's commonplace",2020-10-29 03:13:32.382,Overloaded
377,oh ok,2020-10-29 03:12:58.755,Overloaded
378,"well, my definition and common use of the word Immortal is an inability to age",2020-10-29 03:12:54.165,KahsinKai
379,he's immortal?,2020-10-29 03:12:36.152,Overloaded
380,"Thaytes is in the mindset that life is an endless party. Even if he makes a mistake, he's immortal, he can just start over somewhere else and keep having fun. Life is an party and he's the life of it. Everyone else is insignificant or a background character",2020-10-29 03:12:01.263,KahsinKai
381,Aaliyah doesn't know the concept of moving on,2020-10-29 03:10:59.400,Overloaded
382,she's currently dedicating her life to trying to get to a thanksgiving dinner,2020-10-29 03:09:23.053,KahsinKai
383,"as of right now, Aaliyah doesn't really have one",2020-10-29 03:09:10.193,KahsinKai
384,who else,2020-10-29 03:09:01.062,KahsinKai
385,they're just subtle about it,2020-10-29 03:07:02.714,KahsinKai
386,yeah,2020-10-29 03:06:56.756,KahsinKai
387,I guess we can all agree that in our rp old ppl r all psycopaths,2020-10-29 03:06:52.245,Overloaded
388,except the last part,2020-10-29 03:06:39.265,Overloaded
389,solid,2020-10-29 03:06:33.510,KahsinKai
390,sounds a lot like Hiro if u ask me,2020-10-29 03:06:27.377,Overloaded
391,"Because he's been alive for so long, he's starting to think there's no point in doing the right thing because something is gonna undo it down the line. Kind of in the mindset that, even if it isn't your lifetime, the same things will always exist but with different faces. In short, people are fucking stupid and life is pointless but he'll go the extra mile to make things better anyone. He's just gonna bitch and complain about how you're a fucking idiot for getting to the fucked up point you're currently at",2020-10-29 03:06:08.867,KahsinKai
392,"tired of everyone's shit, like",2020-10-29 03:03:10.034,KahsinKai
393,Chronos is,2020-10-29 03:02:55.316,KahsinKai
394,how about Chronos?,2020-10-29 03:02:51.663,Overloaded
395,"I mean, that do be interesting",2020-10-29 03:02:46.374,Overloaded
396,"she was raised to believe life isn't about yourself, but how you can effect other people. Whether that be by helping them, or doing something that will effect future generations",2020-10-29 03:02:21.067,KahsinKai
397,"cuz like, I feel like after what she's been through u get to that point where u're like ""what is real? what's the point of living? existence is meaningless""",2020-10-29 03:01:41.870,Overloaded
398,what's Cassie's phylosophy?,2020-10-29 03:01:16.312,Overloaded
399,very well,2020-10-29 03:00:59.420,KahsinKai
400,clearly he and katherine got along very well,2020-10-29 03:00:55.460,Overloaded
401,"Monty was all about loving your neighbor and what not, believed there was always a way around violence",2020-10-29 03:00:35.320,KahsinKai
402,fair,2020-10-29 02:59:56.952,KahsinKai
403,so I tuned him out a lot,2020-10-29 02:59:53.034,Overloaded
404,but monty was always a bkground char in my mind,2020-10-29 02:59:49.754,Overloaded
405,and this aint ur fault,2020-10-29 02:59:44.712,Overloaded
406,to be fair,2020-10-29 02:59:38.263,Overloaded
407,Monty had a phsylosophy behind his shit?,2020-10-29 02:59:33.179,Overloaded
408,Cassie is interesting,2020-10-29 02:59:30.634,KahsinKai
409,Roman do be a smort boi,2020-10-29 02:59:25.996,KahsinKai
410,one could argue Chronos,2020-10-29 02:59:20.180,KahsinKai
411,Monty was pretty chill,2020-10-29 02:59:01.494,KahsinKai
412,"technically, thats not a lie",2020-10-29 02:58:46.815,KahsinKai
413,I dont feel like writing my paper about my philosphy so im just gonna write it about one of my roles and say its my own,2020-10-29 02:58:38.675,KahsinKai
414,more depth to it,2020-10-29 02:58:22.442,Overloaded
415,define better,2020-10-29 02:58:16.584,KahsinKai
416,shit uh,2020-10-29 02:58:14.018,KahsinKai
417,I mean a few of the ones with the better phylosophies in ur opinion,2020-10-29 02:58:07.857,Overloaded
418,there's a few roles,2020-10-29 02:57:55.369,KahsinKai
419,,2020-10-29 02:57:50.978,KahsinKai
420,uh yeah sure,2020-10-29 02:57:44.340,KahsinKai
421,LOL,2020-10-29 02:57:38.162,KahsinKai
422,can u name a few cuz rn only the straight forward ones come to mind,2020-10-29 02:57:32.120,Overloaded
423,oh that's rough buddy,2020-10-29 02:57:12.590,Overloaded
424,which of my roles' philosophy sounds the most interesting to know about,2020-10-29 02:57:04.414,KahsinKai
425,question,2020-10-29 02:57:03.598,Overloaded
426,ok so question,2020-10-29 02:56:43.220,KahsinKai
427,~~fuck~~,2020-10-29 02:56:40.855,KahsinKai
428,me,2020-10-29 02:56:30.160,[object Object]
429,"hey, who's on rn",2020-10-29 02:54:52.220,KahsinKai
430,XD,2020-10-28 20:17:52.288,Brokoli
431,YES,2020-10-28 20:17:31.064,KahsinKai
432,,2020-10-28 20:17:09.949,Brokoli
433,"‚ÄúIts a hard knock life‚Äù
Matt:-builds Matt Co.-
‚ÄúFor us‚Äù
Villain:-blows up Matt Co.-
‚ÄúStead of treated‚Äù
Matt:-fixes it-
‚ÄúWe get tricks‚Äù
Remnants:-blow it up to kill Ash-
‚ÄúStead of kisses‚Äù
Matt:-fixes it-
‚ÄúWe get kicked‚Äù
Beau:-blows up Iron Wood‚Äù
Matt: .. <:reee:350467764022018058> 
‚ÄúITS THE HARD KNOCK LIFE‚Äù",2020-10-28 20:04:08.814,Brokoli
434,Lol,2020-10-28 19:59:49.831,Brokoli
435,Cuz he can‚Äôt die unless Blaire does too,2020-10-28 19:59:33.651,Overloaded
436,Death suffering montage,2020-10-28 19:59:24.152,Overloaded
437,Code VS Death be like,2020-10-28 19:58:40.623,Overloaded
438,"‚ÄúIts a hard knock life‚Äù
Death:KNOCK KNOCK -breaks down Code‚Äôs door-
‚ÄúFor us‚Äù
Death:-beats up Code-
‚ÄúIts a hard knock LIFE‚Äù
Death:-kills Blake for probably the thousandth time-
‚ÄúFOR US‚Äù
Code:-kills Death-",2020-10-28 19:57:41.130,Brokoli
439,LOL,2020-10-28 19:56:00.885,Brokoli
440,RIP CODE'S QUARTER DOORS ON THE MOON,2020-10-28 19:55:59.878,KahsinKai
441,YO IM BRINGING IT BACK,2020-10-28 19:55:50.220,KahsinKai
442,HOLY FUCKING SHIT,2020-10-28 19:55:44.131,KahsinKai
443,XD,2020-10-28 19:55:41.664,Brokoli
444,FUCKING THROW BACK,2020-10-28 19:55:40.599,KahsinKai
445,BRUUUUUUUUUUUUUUUUUUUUUUUUUUUUUUUUUUUUUUUUUUUUUUUUUUUUUUUH,2020-10-28 19:55:38.360,KahsinKai
446,LOL,2020-10-28 19:55:33.580,KahsinKai
447,Code‚Äôs door,2020-10-28 19:55:30.143,Brokoli
448,That too,2020-10-28 19:55:26.350,Brokoli
449,Ash,2020-10-28 19:55:19.551,KahsinKai
450,YOU KNOW WHAT ROLE WOULD TAKE UP THAT WHOLE SONG,2020-10-28 19:55:12.558,Brokoli
451,WAIT WAIT KAI,2020-10-28 19:55:00.552,Brokoli
452,~~lolololololololololololololololololol~~ yeah totally dude,2020-10-28 19:54:49.272,KahsinKai
453,XD,2020-10-28 19:54:38.515,Brokoli
454,ty for the opportunity to get him back,2020-10-28 19:54:26.089,Ariino
455,WHAT THE FUCK,2020-10-28 19:54:06.852,Ariino
456,damn right,2020-10-28 19:53:57.738,KahsinKai
457,for now,2020-10-28 19:53:57.226,Ariino
458,kidnapped by plot protected villains,2020-10-28 19:53:52.849,Ariino
459,where your guys' first kid,2020-10-28 19:53:39.321,KahsinKai
460,LOL,2020-10-28 19:53:36.804,Brokoli
461,let me rephrase,2020-10-28 19:53:34.296,KahsinKai
462,in a prison lmao,2020-10-28 19:53:29.794,Ariino
463,75% of the time,2020-10-28 19:53:26.189,Ariino
464,where's your first kid,2020-10-28 19:53:22.716,KahsinKai
465,..,2020-10-28 19:53:18.451,Ariino
466,bro he is,2020-10-28 19:53:16.697,Ariino
467,"**0:51**
Cap getting shot by Bucky is totally Arin tricking Blaire into thinking he's gonna be a good husband",2020-10-28 19:52:51.314,KahsinKai
468,i won‚Äôt let you,2020-10-28 19:52:26.493,tense tyrant
469,also let me just say,2020-10-28 19:52:17.294,KahsinKai
470,*midnight gets impaled,2020-10-28 19:52:13.626,tense tyrant
471,"‚ÄúIts a hard knock life‚Äù
Midnight:-gets punched in the face-
‚ÄúFor us‚Äù
Midnight:-jumps out window-",2020-10-28 19:51:40.055,Brokoli
472,yknow what? valid.,2020-10-28 19:51:32.438,tense tyrant
473,highkey wanna learn how to edit videos just so I can put my own text over the Avengers getting their asses kicked,2020-10-28 19:50:55.210,KahsinKai
474,LOL,2020-10-28 19:50:31.070,Brokoli
475,~~**Ash catching feels for Ares. Ash killing Ares.**~~,2020-10-28 19:50:20.976,KahsinKai
476,yoooo brooke me too except it‚Äôs online but we aren‚Äôt doing much tomorrow anyways,2020-10-28 19:50:20.627,tense tyrant
477,"**Ash getting nuked by Beau, Midnight getting the shit kicked out of her for stealing from everyone's dorms, Ren almost killing Mika, Kai getting buried alive by Doyle, Matt Co blowing up, Blaire having kids, Blaire getting married to Jerry, Blaire having more kids, Matt co blowing up again, Wither prison falling into the ravine with the Outlaws inside, Monty jumping into the heart of Gaia, Matt co blowing up again, Ash getting her ass kicked by Death, Team Diamond getting the shit kicked out of them by Kahn, Orion getting his eye ripped out, Iron Wood blowing up, Guide shooting Pandora**",2020-10-28 19:48:56.068,KahsinKai
478,Lag,2020-10-28 19:47:27.202,Brokoli
479,Yes.,2020-10-28 19:47:25.808,Brokoli
480,Also,2020-10-28 19:47:24.747,Brokoli
481,<@!273593869914865664> i dont have school tomorrow so ima be up all night,2020-10-28 19:44:58.111,Brokoli
482,omgg,2020-10-28 19:43:38.259,tense tyrant
483,can we get a Fragments version of this?,2020-10-28 19:43:21.148,KahsinKai
484,https://youtu.be/ateZ8J392Ls,2020-10-28 19:43:14.198,KahsinKai
485,<#431569129938354177>,2020-10-28 18:51:47.920,Overloaded
486,head room,2020-10-28 18:51:38.175,KahsinKai
487,hey,2020-10-28 18:51:36.936,KahsinKai
488,oh shit,2020-10-28 18:51:35.429,KahsinKai
489,maybe a few weeks if we really fuck shit up,2020-10-28 18:50:50.644,KahsinKai
490,likely to take place within 1 day,2020-10-28 18:50:35.726,KahsinKai
491,9 prolly won't be too long I think,2020-10-28 18:50:27.056,Overloaded
492,"I have no clue how long they're gonna last, just how long they've been so far",2020-10-28 18:50:19.228,KahsinKai
493,dunno yet,2020-10-28 18:50:09.166,KahsinKai
494,bruh how about the rest?,2020-10-28 18:49:55.910,Overloaded
495,whack,2020-10-28 18:49:23.321,KahsinKai
496,so less than a month,2020-10-28 18:49:19.030,KahsinKai
497,"Season 1 - 6 days
Season 2 - 5 hours at most
Season 3 - A little less than 2 weeks",2020-10-28 18:48:50.899,KahsinKai
498,"a month, maybe less",2020-10-28 18:47:23.395,KahsinKai
499,have taken place over the course of about,2020-10-28 18:47:19.547,KahsinKai
500,the current seasons of grads,2020-10-28 18:47:13.824,KahsinKai
501,<#601980225353416704>,2020-10-28 16:05:31.973,Arachnoslayer
502,LET'S GO,2020-10-28 16:05:28.847,Arachnoslayer
503,"I'm going to self-RP something so mundane, but the concept is also crazy.",2020-10-28 16:05:25.922,Arachnoslayer
504,ywyw,2020-10-28 16:04:01.658,Arachnoslayer
505,Oh good. Thanks. :),2020-10-28 16:02:32.971,Lilligantic
506,not missing too much,2020-10-28 15:59:24.110,Arachnoslayer
507,"It's just a nigh unmoving video while ""staying alive"" plays in the background",2020-10-28 15:59:16.588,Arachnoslayer
508,"**This video cannot be played.**
....
Why does this always happen to me?",2020-10-28 15:58:37.568,Lilligantic
509,why do they hate themselves,2020-10-28 15:57:56.025,Ariino
510,.-.,2020-10-28 15:56:50.909,Arachnoslayer
511,,2020-10-28 15:46:37.397,Brokoli
512,,2020-10-28 15:46:18.786,Brokoli
513,58 days till Christmas!,2020-10-28 12:00:00.298,Padoru
514,https://tenor.com/view/based-rolli-gif-18069614,2020-10-28 02:53:18.997,Ariino
515,me,2020-10-28 02:49:40.173,[object Object]
516,"Oh, I'm a buddy of Jack, here for a Euchre game",2020-10-28 02:49:33.182,Devourer of the Void
517,Will you go offline? Or disappear without a trace?,2020-10-28 02:49:03.732,Arachnoslayer
518,And what after?,2020-10-28 02:48:45.725,Arachnoslayer
519,"Hello
I'm here for probably half an hour",2020-10-28 02:47:15.280,Devourer of the Void
520,<@!143819202082504705> has joined. http://i.imgur.com/Ju5c7zC.gif,2020-10-28 02:46:56.222,Nadeko
521,"Even I hated that question, even though the Neko pun was great...",2020-10-28 02:44:21.007,Arachnoslayer
522,o,2020-10-28 02:43:33.861,Ariino
523,<@!162737314265694208> accept my friend request,2020-10-28 02:42:39.117,[object Object]
524,segmentation fault,2020-10-28 02:31:21.664,[object Object]
525,thx for coming to my ted talk,2020-10-28 02:28:00.912,Overloaded
526,fuck segmentation fault,2020-10-28 02:27:56.951,Overloaded
527,no,2020-10-28 01:56:14.307,[gavin screaming]
528,Oi Gav wanna play some cards?,2020-10-28 01:52:07.782,Brokoli
529,i hate everything about that question.,2020-10-28 01:51:46.572,[gavin screaming]
530,Hey arach I have a thing I have to ask you: Are you Nyan-binary with the amount of catgirls role you have?,2020-10-28 01:50:54.008,Goddessjpjazz
531,"Somehow it's the biggest meme machine, that's also kinda big gay, but equally as manly and chad",2020-10-27 23:55:05.283,Arachnoslayer
532,<:eyes:662678653477453834>,2020-10-27 23:53:52.764,Arachnoslayer
533,I was about to say that,2020-10-27 23:53:47.991,Overloaded
534,Which one?,2020-10-27 23:53:37.454,Arachnoslayer
535,that‚Äôs pretty sexy,2020-10-27 23:53:27.210,tense tyrant
536,guys i killed jojo,2020-10-27 23:52:06.094,[object Object]
537,https://steamuserimages-a.akamaihd.net/ugc/1681492087521016061/1386113393B7193A9D69866D6B8AB19449F935C1/,2020-10-27 23:52:02.187,[object Object]
538,Do it again,2020-10-27 23:16:34.091,Arachnoslayer
539,10/10,2020-10-27 23:16:28.518,Arachnoslayer
540,<:thumbsup:687085282628993140>,2020-10-27 23:14:32.726,Overloaded
541,"I force dig to read my shit and correct my mistakes, it's great",2020-10-27 23:14:24.243,Overloaded
542,Lucky,2020-10-27 22:00:33.707,Lilligantic
543,it's all projects,2020-10-27 22:00:31.683,Overloaded
544,I have 2 subjects where we don't have tests so that's also cool,2020-10-27 22:00:23.700,Overloaded
545,Mhm,2020-10-27 22:00:16.739,Lilligantic
546,"I mean, it's still better than nothing",2020-10-27 22:00:12.081,Overloaded
547,Rip. XD,2020-10-27 22:00:02.333,Lilligantic
548,mine doesn't do that cuz he can't be bothered lol,2020-10-27 21:59:54.860,Overloaded
549,"But since you can't have 105% on a test, the 5% would go on your next test, so you already had a 5% done on that test without even touching it. :D",2020-10-27 21:59:36.554,Lilligantic
550,so grades are just overall higher,2020-10-27 21:59:01.624,Overloaded
551,one of my professors makes his tests worth 110% so all questions are worth more but if you get 100% or more u just keep 100 as score,2020-10-27 21:58:48.169,Overloaded
552,"Some I had were a lot of fun. One of my history teachers, she'd tell us anecdotes about stuff in her life, including her little 4-5 year old girl, and she'd make bonus questions on those, so people who listened in class could get, like, 105% on tests. I liked her. :)",2020-10-27 21:57:45.659,Lilligantic
553,imagine thinking about the teachers lol,2020-10-27 21:55:39.003,Overloaded
554,It also makes it more fun for the teachers to correct. :),2020-10-27 21:55:11.688,Lilligantic
555,I- I should have thought of doing something like that on questions I don't fucking know how to answer. This is great. XD,2020-10-27 21:54:52.343,Lilligantic
556,do u guys need a special document to vote? like a voter id of sorts,2020-10-27 21:50:48.265,Overloaded
557,,2020-10-27 21:40:11.474,KahsinKai
558,oh shet for real,2020-10-27 21:38:29.837,KahsinKai
559,it's unknown whether or not lemons naturally hybridized,2020-10-27 21:38:20.653,[object Object]
560,life may have given us lemons,2020-10-27 21:38:06.132,[object Object]
561,life never gave us lemons,2020-10-27 21:36:55.389,KahsinKai
562,there it is,2020-10-27 21:36:41.677,KahsinKai
563,cross between bitter orange and citron,2020-10-27 21:36:28.350,[object Object]
564,cause I wanted to share that moment with someone,2020-10-27 21:35:49.352,KahsinKai
565,no I learned about lemons on Reddit,2020-10-27 21:35:41.884,KahsinKai
566,but why was i pinged,2020-10-27 21:35:40.947,tense tyrant
567,that's golden,2020-10-27 21:35:37.418,tense tyrant
568,but still kai that's,2020-10-27 21:35:35.648,tense tyrant
569,NO LMAO,2020-10-27 21:35:31.942,tense tyrant
570,maybe in school there'd be a recycling committee,2020-10-27 21:35:30.670,tense tyrant
571,you learned about lemons in civics?,2020-10-27 21:35:26.042,[object Object]
572,so like,2020-10-27 21:35:12.527,tense tyrant
573,teehee we learned a little about those in civics,2020-10-27 21:35:11.536,tense tyrant
574,oh my fucking god,2020-10-27 21:34:51.928,KahsinKai
575,and I didnt know so I just put that bullshit about a lemon,2020-10-27 21:34:47.500,KahsinKai
576,Give an example of a Congressional Committee and explain what they do.,2020-10-27 21:34:38.862,KahsinKai
577,HAHAHA,2020-10-27 21:34:34.617,tense tyrant
578,the question was,2020-10-27 21:34:31.653,KahsinKai
579,what,2020-10-27 21:34:13.741,tense tyrant
580,huh,2020-10-27 21:34:11.865,tense tyrant
581,thats 100% more than I was expecting to get,2020-10-27 21:34:08.329,KahsinKai
582,but thats half points,2020-10-27 21:34:02.058,KahsinKai
583,"like, it wasnt full points, and it was only 0.1/0.2",2020-10-27 21:33:58.031,KahsinKai
584,lmao,2020-10-27 21:33:53.531,[object Object]
585,and she fucking gave me points,2020-10-27 21:33:41.234,KahsinKai
586,"I had a test today, and I didnt remember what the Congressional Committee did, so instead I just put some bullshit cause why not",2020-10-27 21:33:33.652,KahsinKai
587,,2020-10-27 21:33:05.430,KahsinKai
588,OH MY FUCKING GOD,2020-10-27 21:32:31.605,KahsinKai
589,<@!355103347306397700> YOU,2020-10-27 21:32:27.717,KahsinKai
590,PLEASE,2020-10-27 21:32:24.486,KahsinKai
591,SOMEONE,2020-10-27 21:32:23.596,KahsinKai
592,CPOME HERE,2020-10-27 21:32:22.947,KahsinKai
593,SOMEONE COME HERE,2020-10-27 21:32:21.960,KahsinKai
594,OH MY FUCKING GOD,2020-10-27 21:32:18.673,KahsinKai
595,Aw,2020-10-27 20:13:52.864,Brokoli
596,okay gay,2020-10-27 20:13:42.743,tense tyrant
597,hHSBS,2020-10-27 20:13:08.266,tense tyrant
598,Stop exposing me,2020-10-27 20:13:01.374,Brokoli
599,and just for spending unnecessary money in general,2020-10-27 20:11:55.756,tense tyrant
600,XD,2020-10-27 19:51:41.060,Brokoli
601,hHSBSH yeah,2020-10-27 19:50:12.366,tense tyrant
602,Lol,2020-10-27 19:32:52.201,Brokoli
603,I have Ally to thank for making sure i dont buy things i wont wear,2020-10-27 19:32:50.970,Brokoli
604,Ah yes,2020-10-27 19:32:38.794,Brokoli
605,wtf,2020-10-27 18:01:48.432,Ariino
606,>:(,2020-10-27 16:04:31.345,Overloaded
607,in <#764680211287506975>,2020-10-27 16:04:29.150,Overloaded
608,u haven't answered,2020-10-27 16:04:26.280,Overloaded
609,u bitch,2020-10-27 16:04:22.125,Overloaded
610,hey kai,2020-10-27 16:04:21.064,Overloaded
611,yes it‚Äôs nightmare before christmas :3,2020-10-27 16:04:05.111,tense tyrant
612,Cute,2020-10-27 16:03:55.914,KahsinKai
613,,2020-10-27 16:02:29.552,tense tyrant
614,normally i just buy the pins,2020-10-27 16:01:59.565,tense tyrant
615,i like it but it‚Äôs kind of over expensive,2020-10-27 16:01:42.227,tense tyrant
616,that sounds gross,2020-10-27 16:01:29.412,Overloaded
617,my backpack is actually from hot topic,2020-10-27 16:01:20.804,tense tyrant
618,packs,2020-10-27 16:01:11.837,tense tyrant
619,some backpcks,2020-10-27 16:01:10.026,tense tyrant
620,there‚Äôs jewelry and pins,2020-10-27 16:01:02.458,tense tyrant
621,just geeky things in general,2020-10-27 16:00:52.256,tense tyrant
622,there‚Äôs always harry potter stuff,2020-10-27 16:00:47.737,tense tyrant
623,band shirts,2020-10-27 16:00:41.595,tense tyrant
624,so like,2020-10-27 16:00:38.522,tense tyrant
625,and all ik is what i've heard,2020-10-27 16:00:13.409,Overloaded
626,since I'm not american,2020-10-27 16:00:00.348,Overloaded
627,what do they actually sell at hot topic btw,2020-10-27 15:59:56.985,Overloaded
628,if she ever asks ‚Äòshould i buy this?‚Äô i always bring up like hypothetical questions to her like ‚Äòis that really as good as it‚Äôs advertised?‚Äô ‚Äòwill you ever use/wear it?‚Äô ect,2020-10-27 15:59:32.649,tense tyrant
629,sometimes bubble tea,2020-10-27 15:58:28.380,tense tyrant
630,hmm well whenever we go to the mall we without fail always go to the food court and hot topic,2020-10-27 15:58:18.048,tense tyrant
631,wonder if brooke spends money responsibly lol,2020-10-27 15:57:52.084,Overloaded
632,i think the first time i genuinely bought stuff for myself with my own money in public was with brooke at the mall or something,2020-10-27 15:57:23.570,tense tyrant
633,HAHA yeah,2020-10-27 15:54:23.182,tense tyrant
634,lol when u're a kid u measure currency by how much candy u can buy with it,2020-10-27 15:54:16.788,Overloaded
635,i thought i was rich,2020-10-27 15:53:48.533,tense tyrant
636,about 30-50 dollars total in that thing,2020-10-27 15:53:45.157,tense tyrant
637,i always had this hello kitty piggy bank with just tons of coins i‚Äôd collected over the years,2020-10-27 15:53:36.395,tense tyrant
638,I pity my friends bk in the day,2020-10-27 15:52:38.910,Overloaded
639,yeah no previously to getting an allowance the money I'd get was cuz I'd somehow guiltrip or blackmail my way into getting it,2020-10-27 15:52:14.222,Overloaded
640,my sister is done with college and out of the house and my brother is in college,2020-10-27 15:52:02.138,tense tyrant
641,"the more siblings u have, the less each of u is gonna get as a result",2020-10-27 15:51:42.985,Overloaded
642,"my parents refill my account whenever i spend money so it‚Äôs always in that range
they do that because like they trust me with it and trust that i won‚Äôt overspend on anything",2020-10-27 15:51:38.754,tense tyrant
643,"to be fair Ally, u be a kid",2020-10-27 15:50:53.625,Overloaded
644,rn i have around 400 in my account,2020-10-27 15:50:52.624,tense tyrant
645,"i got money from selling my bike
at least 100 i think",2020-10-27 15:50:43.975,tense tyrant
646,imagine more,2020-10-27 15:50:40.287,Overloaded
647,and that's already too much,2020-10-27 15:50:36.732,Overloaded
648,I only have a sister,2020-10-27 15:50:30.798,Overloaded
649,i only recently started getting money for bdays and christmas,2020-10-27 15:50:29.577,tense tyrant
650,oh no I can see that,2020-10-27 15:50:24.184,Overloaded
651,"i have 4 siblings, if you think any of us got an allowance you crazy",2020-10-27 15:50:00.355,[object Object]
652,we don't have that whole work part-time when u reach 14 culture here,2020-10-27 15:49:56.776,Overloaded
653,bk then it was literally my only source of money,2020-10-27 15:49:26.745,Overloaded
654,having an allowance was nice,2020-10-27 15:49:11.546,Overloaded
655,"i‚Äôve never had an allowance my parents literally just tell me
‚Äòdo well in school‚Äô
and bring me along my way",2020-10-27 15:48:44.155,tense tyrant
656,cuz u didn't have as many tests and shit so each test was worth more and they were far apart,2020-10-27 15:47:03.361,Overloaded
657,yeah I think I've gone 4 months without pc once cuz they only gave it back after I managed to recover from my loss and in my school system that took long,2020-10-27 15:46:41.971,Overloaded
658,it was just to make my life worse,2020-10-27 15:46:18.786,Overloaded
659,>:(,2020-10-27 15:46:10.040,KahsinKai
660,no one was using it aside from me,2020-10-27 15:46:09.820,Overloaded
661,it wasn't ever a family pc,2020-10-27 15:46:05.047,Overloaded
662,mine,2020-10-27 15:46:01.050,Overloaded
663,even though my pc was like,2020-10-27 15:46:00.307,Overloaded
664,even though btw,2020-10-27 15:45:56.359,Overloaded
665,Bruh,2020-10-27 15:45:56.056,KahsinKai
666,Oof,2020-10-27 15:45:54.326,KahsinKai
667,"if I did bad doe, it'd go from not getting an allowance to losing pc privilleges",2020-10-27 15:45:46.109,Overloaded
668,Fuckah,2020-10-27 15:45:33.389,KahsinKai
669,I had an allowance but I'd only get it if I did well,2020-10-27 15:45:24.592,Overloaded
670,Your parents paid you to do school?,2020-10-27 15:45:08.754,KahsinKai
671,but I had to do it if I wanted money to buy myself a fucking snack so,2020-10-27 15:44:54.808,Overloaded
672,You tore up the assignments you already turned it,2020-10-27 15:44:51.418,KahsinKai
673,"it wasn't zero, it was below zero",2020-10-27 15:44:28.605,Overloaded
674,to actually work on shit,2020-10-27 15:44:09.214,Overloaded
675,by I myself had like negative determination,2020-10-27 15:44:06.164,Overloaded
676,I had these parents which is why my grades were mostly Bs and As,2020-10-27 15:44:00.390,Overloaded
677,cuz here's the thing,2020-10-27 15:43:49.213,Overloaded
678,care enough,2020-10-27 15:43:46.756,Overloaded
679,2nd grade,2020-10-27 15:43:41.411,KahsinKai
680,I don't think I ever managed to like,2020-10-27 15:43:40.772,Overloaded
681,I don't remember the last time I got straight As,2020-10-27 15:43:34.651,Overloaded
682,or unless i have straight a‚Äôs like i did last year,2020-10-27 15:43:17.603,tense tyrant
683,Imagine not having nonchalant parents,2020-10-27 15:43:07.594,KahsinKai
684,very much specially if u mess up,2020-10-27 15:43:07.022,Overloaded
685,"it‚Äôs so annoying shdbshs
i really only tell my mom my grades unless i *have* to tell my dad",2020-10-27 15:43:06.532,tense tyrant
686,specially if u mess up,2020-10-27 15:43:00.576,Overloaded
687,it sucks,2020-10-27 15:42:54.072,Overloaded
688,LOL,2020-10-27 15:42:46.438,KahsinKai
689,oh ik what that's like,2020-10-27 15:42:37.754,Overloaded
690,"my mom is normally chill with that stuff she‚Äôs like
‚Äòwell lmao you tried your best and that‚Äôs what counts. the school system sucks.‚Äô

while my dad is like the asian parent but he‚Äôs actually american
literally i had a 90 in a class last year and he was like ‚Äòthat‚Äôs getting awfully close to a b‚Äô as if b was a failing grade",2020-10-27 15:42:17.284,tense tyrant
691,what,2020-10-27 15:40:41.100,tense tyrant
692,>:(,2020-10-27 15:40:19.077,KahsinKai
693,sucks to suck,2020-10-27 15:40:08.254,Overloaded
694,**cries because a 90 is an A-**,2020-10-27 15:39:44.267,KahsinKai
695,I like that,2020-10-27 15:39:28.379,Overloaded
696,oh nice,2020-10-27 15:39:19.101,Overloaded
697,Damn Canadians,2020-10-27 15:39:18.990,KahsinKai
698,Oh fuck you,2020-10-27 15:39:16.013,KahsinKai
699,here in canada 80+ is an A,2020-10-27 15:39:02.274,[object Object]
700,You‚Äôll never be a Bicon with those grades,2020-10-27 15:37:44.193,KahsinKai
701,"Also ally, those aren‚Äôt A‚Äôs, try harder",2020-10-27 15:37:29.337,KahsinKai
702,Bro she‚Äôs gonna send me to rehab if she reads that paper,2020-10-27 15:36:45.031,KahsinKai
703,"Teacher: I want you to write a paper about what you think about life

Me who thinks we should either kill off the majority of the male gender or the entire human race while also realizing at a young age that death is inevitable so there‚Äôs no point in fearing it, thus making life seemingly pointless: gotchya",2020-10-27 15:36:19.689,KahsinKai
704,kai you suck try harder,2020-10-27 15:35:54.151,[object Object]
705,nice,2020-10-27 15:35:47.645,[object Object]
706,the two a classes are 100 and 98,2020-10-27 15:35:28.892,tense tyrant
707,also i have straight b‚Äôs except for two classes,2020-10-27 15:35:20.749,tense tyrant
708,i love snow,2020-10-27 15:35:10.573,tense tyrant
709,i *wish* i was in canada,2020-10-27 15:35:08.591,tense tyrant
710,Sucks to be Canadian I guess,2020-10-27 14:37:51.725,KahsinKai
711,BRUUUUUH,2020-10-27 14:37:47.094,KahsinKai
712,LILLI ITS SNOWING FOR YOU,2020-10-27 14:37:33.676,KahsinKai
713,LOL WAIT,2020-10-27 14:37:28.765,KahsinKai
714,"A bitch is still failing 3 classes and it‚Äôs the last week of the quarter, fuck yeah dude",2020-10-27 14:37:21.244,KahsinKai
715,59 days till Christmas!,2020-10-27 12:00:00.764,Padoru
716,Dawwwe! I love snakes! And corn snakes are cute. :3,2020-10-27 06:31:01.130,Lilligantic
717,facefinger.,2020-10-27 03:45:06.961,[object Object]
718,https://steamuserimages-a.akamaihd.net/ugc/1682617810867585212/23BC5659582C158E1D2C6C7A359CB8329412CB9F/,2020-10-27 03:45:00.218,[object Object]
719,i forgot the others,2020-10-27 01:22:11.416,tense tyrant
720,i think there was a princess leia,2020-10-27 01:22:08.159,tense tyrant
721,"the other one, a white one, gandolf",2020-10-27 01:22:00.359,tense tyrant
722,one of them was named kylo ren,2020-10-27 01:21:55.030,tense tyrant
723,"had snakes all over the room
corn snakes",2020-10-27 01:21:47.316,tense tyrant
724,he was like a huge geek,2020-10-27 01:21:38.527,tense tyrant
725,THE TEACHER WOULD ALWAYS PLAY IT LMAO,2020-10-27 01:21:34.350,tense tyrant
726,WE WATCHED THE STAR WARS YODA SEAGULLS ONE ALL THE TIME IN MY 6TH GRADE EARTH SCIENCE CLASS,2020-10-27 01:21:26.054,tense tyrant
727,OH I REMEMBER BAD LIP READING,2020-10-27 01:21:05.449,tense tyrant
728,YESSSS,2020-10-27 01:21:01.214,tense tyrant
729,YES,2020-10-27 01:21:00.255,tense tyrant
730,https://www.youtube.com/watch?v=kn-h78tuNiU,2020-10-27 00:35:09.196,[object Object]
731,ye France is brutal dude,2020-10-26 23:33:28.454,Overloaded
732,"neat system over there in ""france""",2020-10-26 23:32:13.921,[object Object]
733,so u had to pay ur way in,2020-10-26 23:30:41.877,Overloaded
734,but ppl usually see them as the shittier ones that u only went to cuz u weren't good enough,2020-10-26 23:30:34.149,Overloaded
735,there are private ones that u can pay for,2020-10-26 23:30:20.065,Overloaded
736,I personally know ppl who have already failed 3 times or more to get into university,2020-10-26 23:29:54.476,Overloaded
737,very sought after programs,2020-10-26 23:29:37.813,Overloaded
738,but extremely more intense if u want one of the like,2020-10-26 23:29:33.707,Overloaded
739,ic,2020-10-26 23:27:16.938,[object Object]
740,basically that,2020-10-26 23:26:49.695,Overloaded
741,u know how in anime ppl often keep talking about entrance exams,2020-10-26 23:26:48.096,Overloaded
742,yeah the better universities are federal and u don't usually pay for them but the competition is there,2020-10-26 23:26:24.151,Overloaded
743,huh,2020-10-26 23:25:36.464,[object Object]
744,u pay money to get decent education in school so u can get into a nice college for free,2020-10-26 23:25:12.145,Overloaded
745,where I live it's kinda like the opposite way around,2020-10-26 23:24:58.673,Overloaded
746,sucks to suck,2020-10-26 23:24:33.542,Overloaded
747,I find it funny that a minor is allowed to sign the next 4 years (plus however long it takes to get rid of debt) of their life away,2020-10-26 23:23:12.702,[object Object]
748,yeah,2020-10-26 23:22:43.825,[object Object]
749,"oh, so I'm over a year older, huh",2020-10-26 23:22:34.802,Overloaded
750,18 <:blobguns:745855304469577728>,2020-10-26 23:22:19.840,[object Object]
751,how old r u gonna be?,2020-10-26 23:22:12.384,Overloaded
752,LOL,2020-10-26 23:22:04.793,Overloaded
753,"I have exams on dec 12, 14, and 16",2020-10-26 23:21:25.573,[object Object]
754,just got my exam schedule,2020-10-26 23:21:17.947,[object Object]
755,y'all so my birthday is dec 13 right,2020-10-26 23:21:13.902,[object Object]
756,sucks to suck,2020-10-26 22:04:35.133,Overloaded
757,"Well, that's a problem, cause I can't sleep with the light on. XD",2020-10-26 22:04:20.962,Lilligantic
758,"forget trauma, by the time I'm done with you you won't be able to sleep in the dark anymore",2020-10-26 22:03:48.302,Overloaded
759,I always have the worst dice rolls. ;-;,2020-10-26 22:03:43.557,Lilligantic
760,;-;,2020-10-26 22:03:06.599,Lilligantic
761,y'all will suffer,2020-10-26 22:03:00.297,Overloaded
762,btw I have started plotting for the call of cthullu rpg,2020-10-26 22:02:57.604,Overloaded
763,"You don't need to believe in those tests to have fun with them, jayden. :)",2020-10-26 22:02:48.260,Lilligantic
764,neat shit,2020-10-26 21:56:37.611,Overloaded
765,https://www.youtube.com/watch?v=FoqGTNYKkgI&ab_channel=Switchback,2020-10-26 21:56:36.060,Overloaded
766,you really trust these randoms?,2020-10-26 21:41:58.299,Arachnoslayer
767,,2020-10-26 21:31:59.866,Brokoli
768,Fuk ye,2020-10-26 21:31:59.279,Brokoli
769,The meme of lockdown too when you can't crusade :(,2020-10-26 21:17:39.040,Arachnoslayer
770,I've seen snippets of the one I got the gif from.,2020-10-26 21:17:26.892,Arachnoslayer
771,did u just pick the gif from the internet or do u actually watch that channel jayden?,2020-10-26 21:14:19.368,Overloaded
772,https://tenor.com/view/die-gun-shotgun-deus-vult-gif-17767114,2020-10-26 20:53:25.552,Arachnoslayer
773,Is this heresy?,2020-10-26 20:53:03.242,Arachnoslayer
774,what is this?,2020-10-26 20:52:59.923,Arachnoslayer
775,it's a guilty pleasure,2020-10-26 20:45:30.019,TelekineticSloth
776,even I do ngl,2020-10-26 20:33:59.605,Overloaded
777,gavin do you watch mcyt too,2020-10-26 20:22:34.170,tense tyrant
778,AAAAAAA,2020-10-26 20:22:23.193,tense tyrant
779,https://www.youtube.com/watch?v=CbaJaSUgJZM&ab_channel=kanaya,2020-10-26 19:57:39.637,[gavin screaming]
780,üëè,2020-10-26 19:53:27.086,Arachnoslayer
781,Do it,2020-10-26 19:53:18.454,Brokoli
782,and for some reason it assumes I'm playing it on a PC,2020-10-26 19:53:17.787,Arachnoslayer
783,Start a riot,2020-10-26 19:53:16.243,Brokoli
784,I'm actually on the xbox,2020-10-26 19:53:06.864,Arachnoslayer
785,friend me on xbox because when it says I'm on Minecraft Dungeons (W10),2020-10-26 19:53:02.395,Arachnoslayer
786,fam....,2020-10-26 19:52:48.644,Arachnoslayer
787,<@!273593869914865664>,2020-10-26 19:52:45.876,Arachnoslayer
788,Also Ari you know the amount of sodas i drink is probably equivalent to a monster lol,2020-10-26 19:52:45.385,Brokoli
789,OH uh,2020-10-26 19:52:42.738,Arachnoslayer
790,Hes convinced that because hes the only one in the house who cant go to sleep after drinking coffee or sugar almost 3 hours before going to bed that we all cant,2020-10-26 19:51:46.369,Brokoli
791,<@!215251127296327680> bitch tell that to my dad,2020-10-26 19:51:05.789,Brokoli
792,might as well add more reason to charge,2020-10-26 19:43:02.071,Arachnoslayer
793,to crusade them for ruining these good shows,2020-10-26 19:42:52.276,Arachnoslayer
794,I **will** start a riot,2020-10-26 19:42:48.685,KahsinKai
795,that's on my list anyway,2020-10-26 19:42:45.419,Arachnoslayer
796,I will start a riot,2020-10-26 19:42:41.857,KahsinKai
797,I'm pretty sure that's a crusade,2020-10-26 19:42:40.491,Arachnoslayer
798,im burning down the industry,2020-10-26 19:42:36.928,KahsinKai
799,If they do that,2020-10-26 19:42:34.030,Arachnoslayer
800,im crying,2020-10-26 19:42:29.971,KahsinKai
801,if they reboot Codename: Kids Next Door,2020-10-26 19:42:28.460,KahsinKai
802,~~I hope not~~,2020-10-26 19:42:17.218,Arachnoslayer
803,what's next a ben 10 alien force reboot?,2020-10-26 19:42:06.271,Arachnoslayer
804,still they killed my childhood homie like that,2020-10-26 19:41:56.352,Arachnoslayer
805,"at least the shit reboot of ben 10 kind of.... didn't FULLY make the new ben trash, but he's kind of bland",2020-10-26 19:40:53.536,Arachnoslayer
806,"ben 10
i‚Äôd take anything before i take teen titans go",2020-10-26 19:38:24.464,tense tyrant
807,ben 10 reboot or teen titans go,2020-10-26 18:38:23.772,KahsinKai
808,Biden or Trump,2020-10-26 18:38:17.541,KahsinKai
809,"its a real, Anakin Skywalker or Darth Vader situation",2020-10-26 18:38:10.310,KahsinKai
810,the alternative is to stop breathing it,2020-10-26 18:37:56.878,KahsinKai
811,fr tho,2020-10-26 18:37:45.893,KahsinKai
812,lesser of two evils,2020-10-26 18:37:41.715,Overloaded
813,without it we die instantly doe so,2020-10-26 18:37:38.914,Overloaded
814,also ye air is constantly driving us closer to death,2020-10-26 18:37:33.451,Overloaded
815,cuz organisms be different and whatnot,2020-10-26 18:37:21.183,Overloaded
816,"no, like, the effects of caffeine quite literally depend on the person",2020-10-26 18:37:02.099,Overloaded
817,being alive slowly kills us,2020-10-26 18:13:49.155,KahsinKai
818,air slowly kills us,2020-10-26 18:13:13.188,Ariino
819,thats just my opinion,2020-10-26 18:00:03.867,KahsinKai
820,air isnt real,2020-10-26 18:00:00.510,KahsinKai
821,then they're just wrong!,2020-10-26 17:59:40.737,Arachnoslayer
822,"Opinions are always subjective, unless they actively clash against a fact.",2020-10-26 17:59:36.111,Arachnoslayer
823,¬Ø\_(„ÉÑ)_/¬Ø,2020-10-26 17:48:35.743,Overloaded
824,Serious answer doe: depends on the person,2020-10-26 17:48:28.888,Overloaded
825,caffeine is life,2020-10-26 17:46:51.654,Overloaded
826,caffeine is a placebo,2020-10-26 16:21:24.860,Ariino
827,and he was like wait seriously? same,2020-10-26 16:18:15.559,jordano
828,i was like dude i literally took a nap after drinking an energy drink those don‚Äôt work on me,2020-10-26 16:18:10.605,jordano
829,"we were talking over the weekend, he‚Äôs like two years younger than me",2020-10-26 16:17:56.101,jordano
830,or my cousin,2020-10-26 16:17:44.878,jordano
831,energy drinks don‚Äôt help me,2020-10-26 16:17:42.147,jordano
832,in a nutshell,2020-10-26 16:07:00.673,Arachnoslayer
833,get like the peachy one... it's energy tea,2020-10-26 16:06:58.216,Arachnoslayer
834,smooth as fuck,2020-10-26 16:06:47.675,Arachnoslayer
835,the monster rehab?,2020-10-26 16:06:45.089,Arachnoslayer
836,is great,2020-10-26 16:06:40.711,Arachnoslayer
837,Rehab,2020-10-26 16:06:38.597,Arachnoslayer
838,just drink coffee,2020-10-26 16:05:19.028,KahsinKai
839,i,2020-10-26 16:05:15.991,tense tyrant
840,but that can also be attributed to the fact that i don‚Äôt like soda and i hate energy drinks,2020-10-26 16:05:08.274,tense tyrant
841,bleh,2020-10-26 16:05:01.906,KahsinKai
842,"~~**me who just found my new favorite flavor**~~ yeah, nasty",2020-10-26 16:05:00.789,KahsinKai
843,also they taste disgusting,2020-10-26 16:04:43.903,tense tyrant
844,HAHAHSB,2020-10-26 16:04:35.896,tense tyrant
845,"~~**looks at the monster cans stacked up by my window**~~ yeah they're terrible, dont get em",2020-10-26 16:04:26.179,KahsinKai
846,don‚Äôt know why they let kids buy it honestly,2020-10-26 16:03:46.860,tense tyrant
847,"like it‚Äôs actually really bad for kids lmao 
well it‚Äôs bad in general
but especially for kids",2020-10-26 16:03:22.833,tense tyrant
848,monster isn‚Äôt good for you,2020-10-26 16:02:53.933,tense tyrant
849,no don‚Äôt,2020-10-26 16:02:49.437,tense tyrant
850,die scum,2020-10-26 16:00:21.482,Ariino
851,Corona,2020-10-26 15:59:21.582,Brokoli
852,achoo,2020-10-26 15:59:06.449,KahsinKai
853,And i left my card at home,2020-10-26 15:57:57.361,Brokoli
854,go for it,2020-10-26 15:56:56.454,Ariino
855,To buy a monster drink or to not buy one,2020-10-26 15:56:34.581,Brokoli
856,Hmmmmm,2020-10-26 15:56:18.931,Brokoli
857,but it's not like Red Bull which is a can of imminent heart attack,2020-10-26 15:54:26.108,Arachnoslayer
858,an energy drink on crack,2020-10-26 15:54:12.929,Arachnoslayer
859,Wuts Monster taste like,2020-10-26 15:52:11.021,Brokoli
860,"Tells me stories I wish I couldn't relate to, but I do.",2020-10-26 15:47:29.271,Arachnoslayer
861,that I'm not alone.,2020-10-26 15:47:18.329,Arachnoslayer
862,"How others want to be happy... for more than just one day, reminds me of myself, and of hope",2020-10-26 15:47:14.079,Arachnoslayer
863,Loud music forces me to not be able to overthink,2020-10-26 15:46:55.888,Brokoli
864,Mhmhm,2020-10-26 15:46:43.243,Brokoli
865,It reminds me how I'm not alone....,2020-10-26 14:18:34.825,Arachnoslayer
866,i get it,2020-10-26 13:11:56.564,TelekineticSloth
867,"No one: 
absolutely no one:
Me: Heavy Metal calms down my anxiety",2020-10-26 12:57:44.888,JuniperSol
868,60 days till Christmas!,2020-10-26 12:00:00.336,Padoru
869,teehee teehee pajama day,2020-10-26 11:20:49.243,tense tyrant
870,‚úåÔ∏è üòå ‚úåÔ∏è,2020-10-26 10:56:08.335,tense tyrant
871,yep gay,2020-10-26 10:46:38.434,MR.RAT
872,thank you \<3,2020-10-26 01:01:32.025,tense tyrant
873,you look very gay <3,2020-10-26 00:58:51.690,KahsinKai
874,hah gay,2020-10-26 00:45:10.910,tense tyrant
875,PC above all,2020-10-25 21:14:32.967,Arachnoslayer
876,Shadow rite tho,2020-10-25 21:14:25.370,Arachnoslayer
877,either way u guys don't need me right? good,2020-10-25 20:18:38.286,Overloaded
878,no clue,2020-10-25 20:18:31.609,Overloaded
879,maybe nt,2020-10-25 20:18:29.966,Overloaded
880,maybe,2020-10-25 20:18:28.313,Overloaded
881,idk if I'll rp today since hw,2020-10-25 20:18:27.030,Overloaded
882,pc good console bad,2020-10-25 19:41:57.043,Overloaded
883,Boredom,2020-10-25 19:15:04.729,Brokoli
884,ps5 good exbone bad,2020-10-25 19:13:49.421,Ariino
885,"PS5 taking a fat L this battle, sorry fam, no amount of exclusives will save it when Xbox offers 60$ games for 15$ on the pass, and some of the most AAA Titles too.",2020-10-25 16:25:55.952,Arachnoslayer
886,:),2020-10-25 16:25:12.093,Arachnoslayer
887,"thusly space despite everyone will think it takes up more, it's... quite the opposite",2020-10-25 16:25:10.686,Arachnoslayer
888,Xbox is actually smaller believe it or not...,2020-10-25 16:24:55.234,Arachnoslayer
889,ps5 good xbone bad,2020-10-25 15:14:56.844,Ariino
890,eh,2020-10-25 15:14:51.363,Ariino
891,<:omegalul:503746588771090472>,2020-10-25 13:32:22.939,Arachnoslayer
892,"Good luck competing with AAA Game titles free with Gamepass which is only about 15$ per month, and you can actually snag like multiple $60 dollar titles that come out owned by Microsoft.

That and overall, Xbox automatically upgrades your game graphics for you so you don't have to go through that process to manually do it",2020-10-25 13:32:19.468,Arachnoslayer
893,lmao,2020-10-25 13:30:58.625,Arachnoslayer
894,"Imagine PS5 like... getting sucked off by Taco Bell just to give away PS5s because the Xbox Series X, actually has a leg up this coming battle",2020-10-25 13:30:19.822,Arachnoslayer
895,that‚Äôs hot,2020-10-25 12:04:50.173,tense tyrant
896,so basically two months,2020-10-25 12:04:48.107,tense tyrant
897,61 days till Christmas!,2020-10-25 12:00:01.053,Padoru
898,You understand,2020-10-25 01:49:20.863,[gavin screaming]
899,thank you Kanye,2020-10-25 01:49:18.352,[gavin screaming]
900,,2020-10-25 01:32:32.733,[object Object]
901,LOL,2020-10-25 00:00:20.701,KahsinKai
902,,2020-10-25 00:00:07.200,Lilligantic
903,Well covid means that the people she may be celebrating with may not be there by that time,2020-10-24 23:25:16.860,Arachnoslayer
904,Oh,2020-10-24 23:24:44.050,Arachnoslayer
905,Its on the 29th,2020-10-24 23:21:19.489,Brokoli
906,Oh ya,2020-10-24 23:21:16.092,Brokoli
907,isn't it thursday doe,2020-10-24 23:21:06.197,Overloaded
908,HAPPY BIRTHDAY,2020-10-24 23:20:29.998,Brokoli
909,Celebrating my birthday rn,2020-10-24 23:20:00.322,JuniperSol
910,Rp*,2020-10-24 23:19:56.870,JuniperSol
911,I can‚Äôt do,2020-10-24 23:19:52.940,JuniperSol
912,true,2020-10-24 23:08:38.662,MR.RAT
913,,2020-10-24 22:53:30.747,Lilligantic
914,Maybe scream in a pillow too. We'll see.,2020-10-24 22:50:57.363,Lilligantic
915,"I just have to bang my head on the wall a few times, reevaluate my life choices, and wonder what the fuck is wrong with my teacher first.",2020-10-24 22:50:38.187,Lilligantic
916,I got a few homework questions to rework. Then I can.,2020-10-24 22:49:40.377,Lilligantic
917,debating whether to call rp even doe ik no one will answer to it,2020-10-24 22:48:24.523,Overloaded
918,Toothless! :D,2020-10-24 22:48:05.990,Lilligantic
919,,2020-10-24 22:39:09.098,JuniperSol
920,I wanan get a build a bear now,2020-10-24 22:39:00.912,KahsinKai
921,Yeah haha,2020-10-24 22:38:57.152,JuniperSol
922,Fuck that‚Äôs cute,2020-10-24 22:38:51.059,KahsinKai
923,They put $ in my account,2020-10-24 22:38:47.262,JuniperSol
924,I didn‚Äôt pay for it my parents did,2020-10-24 22:38:41.979,JuniperSol
925,The sweat shirt is $8,2020-10-24 22:38:36.910,JuniperSol
926,Toothless is $35,2020-10-24 22:38:30.041,JuniperSol
927,"my gut tells me ""too much""",2020-10-24 22:38:28.083,Overloaded
928,Uh,2020-10-24 22:38:25.431,JuniperSol
929,How much was that,2020-10-24 22:34:32.179,KahsinKai
930,Thanks üòÇ,2020-10-24 22:33:11.690,JuniperSol
931,HOLY FUCKJNG AHIT THATA CUTE AA FUCK,2020-10-24 22:32:42.936,KahsinKai
932,OTS DRESSES UP FOR HALLOWEEN,2020-10-24 22:32:36.936,KahsinKai
933,It‚Äôs toothless,2020-10-24 22:32:36.616,JuniperSol
934,Haha,2020-10-24 22:32:34.557,JuniperSol
935,THATA CUTE AS FUCK,2020-10-24 22:32:31.046,KahsinKai
936,PARDON,2020-10-24 22:32:26.013,KahsinKai
937,FUCKING HUUUUUUH,2020-10-24 22:32:23.195,KahsinKai
938,EXCUSE MEEEEEEWW,2020-10-24 22:32:18.732,KahsinKai
939,It‚Äôs a build a Bear,2020-10-24 22:32:17.754,JuniperSol
940,BITCH WHAAAAAAat,2020-10-24 22:32:13.066,KahsinKai
941,LOL,2020-10-24 22:32:11.533,JuniperSol
942,WHAAAAATAAT,2020-10-24 22:32:08.767,KahsinKai
943,OH MY FUCKJNG GOOOOS,2020-10-24 22:32:04.496,KahsinKai
944,Look what i got,2020-10-24 22:31:47.800,JuniperSol
945,<@!273593869914865664>,2020-10-24 22:31:38.730,JuniperSol
946,Kai,2020-10-24 22:31:35.856,JuniperSol
947,I'm not :),2020-10-24 22:29:51.324,Overloaded
948,Cardinal is still gone if you‚Äôre wondering,2020-10-24 21:45:47.543,KahsinKai
949,i do one or two things for the plot then i leave,2020-10-24 21:40:43.135,TelekineticSloth
950,it's like,2020-10-24 21:40:34.011,TelekineticSloth
951,i stay longer than that,2020-10-24 21:40:25.407,TelekineticSloth
952,...should we burn him like Ozai did to Zuko?,2020-10-24 21:04:13.854,Arachnoslayer
953,"this, coming from the guy who finished Naruto",2020-10-24 21:02:58.619,[object Object]
954,I started watching it and then got bored,2020-10-24 21:02:43.826,[object Object]
955,I honestly forgot what a great show it is,2020-10-24 19:51:52.506,KahsinKai
956,I‚Äôll fight everyone in that,2020-10-24 19:51:39.259,KahsinKai
957,It‚Äôs the best show ever,2020-10-24 19:51:33.942,KahsinKai
958,Avatar talk bitch,2020-10-24 19:51:27.319,KahsinKai
959,what did I walk into,2020-10-24 19:51:20.187,Overloaded
960,He just died cause the dumb bitch wanted to fight a volcano,2020-10-24 19:50:53.976,KahsinKai
961,When really,2020-10-24 19:50:44.770,KahsinKai
962,Roku you left us,2020-10-24 19:50:42.572,KahsinKai
963,Everyone was like,2020-10-24 19:50:40.299,KahsinKai
964,I mean to be fair,2020-10-24 19:50:37.539,KahsinKai
965,Truuuuue,2020-10-24 19:50:22.717,KahsinKai
966,100 years is a lot of time to not show up. üòè,2020-10-24 19:36:08.672,Lilligantic
967,"Wasn't Aang the one that vanished? Roku died in the volcano eruption, so he couldn't show up for the war.",2020-10-24 19:35:24.105,Lilligantic
968,roku still showed up sometimes.,2020-10-24 19:34:43.813,Ariino
969,XD,2020-10-24 19:34:25.995,Lilligantic
970,Tell me I‚Äôm wrong,2020-10-24 19:34:22.261,KahsinKai
971,This hoe show up for one conversation and then vanishes like ~~a black dad~~ avatar Roku,2020-10-24 19:34:00.322,KahsinKai
972,‚ÄúSometimes‚Äù,2020-10-24 19:33:28.555,KahsinKai
973,"Oh right. I forget you sometimes rp too. XD
Then yeah. You're a strong contendant for the title. :p",2020-10-24 19:19:52.143,Lilligantic
974,lol that‚Äôs me I don‚Äôt do it,2020-10-24 19:14:21.783,TelekineticSloth
975,"I have fucking writer's block for Claira, so I don't think she'll win best character arc 2 times in a row.",2020-10-24 18:42:16.624,Lilligantic
976,Fucking homework.,2020-10-24 18:40:33.681,Lilligantic
977,"I might win the ""most annoying to plan rp with award"". üòÖ",2020-10-24 18:40:17.928,Lilligantic
978,If we get to finish grads cycle 4 Loki will be competing too doe,2020-10-24 18:40:00.946,Overloaded
979,Then again side rp main villains count so perhaps,2020-10-24 18:39:06.804,Overloaded
980,And Idk if I can get best villain since my one main villain I can‚Äôt fully explore until later,2020-10-24 18:38:42.588,Overloaded
981,U have like 90% of them anyway,2020-10-24 18:37:20.306,Overloaded
982,Duh,2020-10-24 18:37:12.996,Overloaded
983,I mean,2020-10-24 18:37:11.173,Overloaded
984,So that‚Äôs chill,2020-10-24 18:34:44.409,KahsinKai
985,"I mean, there‚Äôs a really good chance that either way, I‚Äôm getting best season",2020-10-24 18:34:39.643,KahsinKai
986,Idk yet,2020-10-24 18:34:17.862,KahsinKai
987,Also I might split it into 2 again,2020-10-24 18:34:15.369,KahsinKai
988,I hope the fuck we don‚Äôt,2020-10-24 18:34:06.633,KahsinKai
989,Best season will prolly be 9 unless we butcher it,2020-10-24 18:31:44.664,Overloaded
990,Guess I‚Äôm going for best side rp and supporting villain,2020-10-24 18:30:26.780,Overloaded
991,I‚Äôm pretty sure without Hiro I won‚Äôt get best side char a second time,2020-10-24 18:30:11.650,Overloaded
992,¬Ø\_(„ÉÑ)_/¬Ø,2020-10-24 18:30:01.910,Arachnoslayer
993,and it's still OPEN DOOR,2020-10-24 18:29:57.035,Arachnoslayer
994,gonna resume self RP since nobody jumped on it YET,2020-10-24 18:29:39.455,Arachnoslayer
995,anyway,2020-10-24 18:29:27.504,Arachnoslayer
996,Lucky,2020-10-24 18:29:12.445,KahsinKai
997,still thinking I'mm playing a video game,2020-10-24 18:29:12.236,Arachnoslayer
998,is on crack,2020-10-24 18:29:06.982,Arachnoslayer
999,it,2020-10-24 18:29:04.031,Arachnoslayer
